,planning_ratio,planning_distance,speed_V10s,speed_V500m,jibe_speed
0,44,28.456,26.51,24.81175,6.3
1,44,28.456,26.21,24.79225,5.71
2,44,28.456,25.75,24.526500000000002,5.44
3,44,28.456,25.66,23.935243902439026,5.17
4,44,28.456,25.14,23.714146341463415,4.82
